essay_id,label,topic,source,source_group,ai_intervention_level,pair_id,word_count
hc3_train_human_001,human,reddit_eli5,HC3,hc3_ff6ea2ffd3e4d68d,none,ff6ea2ffd3e4d68d,163
hc3_train_ai_001,ai,reddit_eli5,HC3,hc3_ff6ea2ffd3e4d68d,full,ff6ea2ffd3e4d68d,169
hc3_train_human_002,human,reddit_eli5,HC3,hc3_4c0c7e72bf8d50c8,none,4c0c7e72bf8d50c8,110
hc3_train_ai_002,ai,reddit_eli5,HC3,hc3_4c0c7e72bf8d50c8,full,4c0c7e72bf8d50c8,128
hc3_train_human_003,human,reddit_eli5,HC3,hc3_4b0b85fe3062219c,none,4b0b85fe3062219c,212
hc3_train_ai_003,ai,reddit_eli5,HC3,hc3_4b0b85fe3062219c,full,4b0b85fe3062219c,218
hc3_train_human_004,human,reddit_eli5,HC3,hc3_a75048e9a56b4e01,none,a75048e9a56b4e01,147
hc3_train_ai_004,ai,reddit_eli5,HC3,hc3_a75048e9a56b4e01,full,a75048e9a56b4e01,150
hc3_train_human_005,human,reddit_eli5,HC3,hc3_ec4d1c5ddc1d21ff,none,ec4d1c5ddc1d21ff,196
hc3_train_ai_005,ai,reddit_eli5,HC3,hc3_ec4d1c5ddc1d21ff,full,ec4d1c5ddc1d21ff,188
hc3_train_human_006,human,reddit_eli5,HC3,hc3_7cc3436d3f9058d7,none,7cc3436d3f9058d7,123
hc3_train_ai_006,ai,reddit_eli5,HC3,hc3_7cc3436d3f9058d7,full,7cc3436d3f9058d7,145
hc3_train_human_007,human,reddit_eli5,HC3,hc3_874cc93d50407770,none,874cc93d50407770,159
hc3_train_ai_007,ai,reddit_eli5,HC3,hc3_874cc93d50407770,full,874cc93d50407770,169
hc3_train_human_008,human,reddit_eli5,HC3,hc3_7024c79f0ac78d1e,none,7024c79f0ac78d1e,252
hc3_train_ai_008,ai,reddit_eli5,HC3,hc3_7024c79f0ac78d1e,full,7024c79f0ac78d1e,233
hc3_train_human_009,human,reddit_eli5,HC3,hc3_144c4eee92bf710d,none,144c4eee92bf710d,100
hc3_train_ai_009,ai,reddit_eli5,HC3,hc3_144c4eee92bf710d,full,144c4eee92bf710d,120
hc3_train_human_010,human,reddit_eli5,HC3,hc3_508a11867576afbb,none,508a11867576afbb,150
hc3_train_ai_010,ai,reddit_eli5,HC3,hc3_508a11867576afbb,full,508a11867576afbb,169
hc3_train_human_011,human,reddit_eli5,HC3,hc3_52068f3794fc2dc6,none,52068f3794fc2dc6,246
hc3_train_ai_011,ai,reddit_eli5,HC3,hc3_52068f3794fc2dc6,full,52068f3794fc2dc6,207
hc3_train_human_012,human,reddit_eli5,HC3,hc3_825931071b991594,none,825931071b991594,254
hc3_train_ai_012,ai,reddit_eli5,HC3,hc3_825931071b991594,full,825931071b991594,260
hc3_train_human_013,human,reddit_eli5,HC3,hc3_37148f83430263b4,none,37148f83430263b4,249
hc3_train_ai_013,ai,reddit_eli5,HC3,hc3_37148f83430263b4,full,37148f83430263b4,288
hc3_train_human_014,human,reddit_eli5,HC3,hc3_ef65264efbff79ac,none,ef65264efbff79ac,140
hc3_train_ai_014,ai,reddit_eli5,HC3,hc3_ef65264efbff79ac,full,ef65264efbff79ac,135
hc3_train_human_015,human,reddit_eli5,HC3,hc3_cc90e76688f3530a,none,cc90e76688f3530a,202
hc3_train_ai_015,ai,reddit_eli5,HC3,hc3_cc90e76688f3530a,full,cc90e76688f3530a,231
hc3_train_human_016,human,finance,HC3,hc3_2d789559d2390e44,none,2d789559d2390e44,190
hc3_train_ai_016,ai,finance,HC3,hc3_2d789559d2390e44,full,2d789559d2390e44,197
hc3_train_human_017,human,reddit_eli5,HC3,hc3_c17a7891b06caacd,none,c17a7891b06caacd,258
hc3_train_ai_017,ai,reddit_eli5,HC3,hc3_c17a7891b06caacd,full,c17a7891b06caacd,273
hc3_train_human_018,human,reddit_eli5,HC3,hc3_e82e88cfe5d91609,none,e82e88cfe5d91609,131
hc3_train_ai_018,ai,reddit_eli5,HC3,hc3_e82e88cfe5d91609,full,e82e88cfe5d91609,139
hc3_train_human_019,human,open_qa,HC3,hc3_e6e7ace86ef2bda2,none,e6e7ace86ef2bda2,106
hc3_train_ai_019,ai,open_qa,HC3,hc3_e6e7ace86ef2bda2,full,e6e7ace86ef2bda2,127
hc3_train_human_020,human,reddit_eli5,HC3,hc3_4f58fdc73a2db13f,none,4f58fdc73a2db13f,209
hc3_train_ai_020,ai,reddit_eli5,HC3,hc3_4f58fdc73a2db13f,full,4f58fdc73a2db13f,209
hc3_train_human_021,human,reddit_eli5,HC3,hc3_443b6a7007f59c2a,none,443b6a7007f59c2a,107
hc3_train_ai_021,ai,reddit_eli5,HC3,hc3_443b6a7007f59c2a,full,443b6a7007f59c2a,108
hc3_train_human_022,human,reddit_eli5,HC3,hc3_a32a14eb74f71266,none,a32a14eb74f71266,119
hc3_train_ai_022,ai,reddit_eli5,HC3,hc3_a32a14eb74f71266,full,a32a14eb74f71266,128
hc3_train_human_023,human,reddit_eli5,HC3,hc3_0646d1b2c9c81f27,none,0646d1b2c9c81f27,195
hc3_train_ai_023,ai,reddit_eli5,HC3,hc3_0646d1b2c9c81f27,full,0646d1b2c9c81f27,218
hc3_train_human_024,human,reddit_eli5,HC3,hc3_2b52c9828c92b69c,none,2b52c9828c92b69c,205
hc3_train_ai_024,ai,reddit_eli5,HC3,hc3_2b52c9828c92b69c,full,2b52c9828c92b69c,173
hc3_train_human_025,human,reddit_eli5,HC3,hc3_64b8f9ad541e506d,none,64b8f9ad541e506d,167
hc3_train_ai_025,ai,reddit_eli5,HC3,hc3_64b8f9ad541e506d,full,64b8f9ad541e506d,178
hc3_train_human_026,human,reddit_eli5,HC3,hc3_dbb9fe56d4957bca,none,dbb9fe56d4957bca,180
hc3_train_ai_026,ai,reddit_eli5,HC3,hc3_dbb9fe56d4957bca,full,dbb9fe56d4957bca,161
hc3_train_human_027,human,reddit_eli5,HC3,hc3_c72949ac87d55de1,none,c72949ac87d55de1,135
hc3_train_ai_027,ai,reddit_eli5,HC3,hc3_c72949ac87d55de1,full,c72949ac87d55de1,148
hc3_train_human_028,human,finance,HC3,hc3_e32e295494e4e4a4,none,e32e295494e4e4a4,284
hc3_train_ai_028,ai,finance,HC3,hc3_e32e295494e4e4a4,full,e32e295494e4e4a4,271
hc3_train_human_029,human,finance,HC3,hc3_388e63ce158075c8,none,388e63ce158075c8,318
hc3_train_ai_029,ai,finance,HC3,hc3_388e63ce158075c8,full,388e63ce158075c8,280
hc3_train_human_030,human,finance,HC3,hc3_6bb7fc459d77f5ff,none,6bb7fc459d77f5ff,220
hc3_train_ai_030,ai,finance,HC3,hc3_6bb7fc459d77f5ff,full,6bb7fc459d77f5ff,219
hc3_train_human_031,human,wiki_csai,HC3,hc3_9177f20db7ad95e8,none,9177f20db7ad95e8,175
hc3_train_ai_031,ai,wiki_csai,HC3,hc3_9177f20db7ad95e8,full,9177f20db7ad95e8,190
hc3_train_human_032,human,finance,HC3,hc3_c6513dfa4a3c75fa,none,c6513dfa4a3c75fa,183
hc3_train_ai_032,ai,finance,HC3,hc3_c6513dfa4a3c75fa,full,c6513dfa4a3c75fa,163
hc3_train_human_033,human,medicine,HC3,hc3_5581ff08f0a2626c,none,5581ff08f0a2626c,220
hc3_train_ai_033,ai,medicine,HC3,hc3_5581ff08f0a2626c,full,5581ff08f0a2626c,212
hc3_train_human_034,human,medicine,HC3,hc3_eac85988fc149b35,none,eac85988fc149b35,145
hc3_train_ai_034,ai,medicine,HC3,hc3_eac85988fc149b35,full,eac85988fc149b35,122
hc3_train_human_035,human,finance,HC3,hc3_05efd417433c6292,none,05efd417433c6292,298
hc3_train_ai_035,ai,finance,HC3,hc3_05efd417433c6292,full,05efd417433c6292,280
hc3_train_human_036,human,finance,HC3,hc3_a3bee4cc5603a450,none,a3bee4cc5603a450,275
hc3_train_ai_036,ai,finance,HC3,hc3_a3bee4cc5603a450,full,a3bee4cc5603a450,288
hc3_train_human_037,human,finance,HC3,hc3_d6f23a2a9290c3c1,none,d6f23a2a9290c3c1,353
hc3_train_ai_037,ai,finance,HC3,hc3_d6f23a2a9290c3c1,full,d6f23a2a9290c3c1,304
hc3_train_human_038,human,finance,HC3,hc3_e6b453c7b4040a85,none,e6b453c7b4040a85,202
hc3_train_ai_038,ai,finance,HC3,hc3_e6b453c7b4040a85,full,e6b453c7b4040a85,217
hc3_train_human_039,human,finance,HC3,hc3_7972f0c917c28e6f,none,7972f0c917c28e6f,183
hc3_train_ai_039,ai,finance,HC3,hc3_7972f0c917c28e6f,full,7972f0c917c28e6f,184
hc3_train_human_040,human,medicine,HC3,hc3_aeebd44c0dc52e05,none,aeebd44c0dc52e05,200
hc3_train_ai_040,ai,medicine,HC3,hc3_aeebd44c0dc52e05,full,aeebd44c0dc52e05,214
hc3_train_human_041,human,finance,HC3,hc3_4f003c184e71a07c,none,4f003c184e71a07c,203
hc3_train_ai_041,ai,finance,HC3,hc3_4f003c184e71a07c,full,4f003c184e71a07c,223
hc3_train_human_042,human,finance,HC3,hc3_402d7f18d7de42ca,none,402d7f18d7de42ca,278
hc3_train_ai_042,ai,finance,HC3,hc3_402d7f18d7de42ca,full,402d7f18d7de42ca,292
hc3_train_human_043,human,wiki_csai,HC3,hc3_ec19efe769164def,none,ec19efe769164def,274
hc3_train_ai_043,ai,wiki_csai,HC3,hc3_ec19efe769164def,full,ec19efe769164def,234
hc3_train_human_044,human,finance,HC3,hc3_34b3f7a3d85d29fc,none,34b3f7a3d85d29fc,168
hc3_train_ai_044,ai,finance,HC3,hc3_34b3f7a3d85d29fc,full,34b3f7a3d85d29fc,198
hc3_train_human_045,human,medicine,HC3,hc3_8bad5f7a475b6073,none,8bad5f7a475b6073,152
hc3_train_ai_045,ai,medicine,HC3,hc3_8bad5f7a475b6073,full,8bad5f7a475b6073,129
hc3_train_human_046,human,finance,HC3,hc3_ada52aa5481ddfbb,none,ada52aa5481ddfbb,192
hc3_train_ai_046,ai,finance,HC3,hc3_ada52aa5481ddfbb,full,ada52aa5481ddfbb,224
hc3_train_human_047,human,finance,HC3,hc3_c742b924960d26a7,none,c742b924960d26a7,325
hc3_train_ai_047,ai,finance,HC3,hc3_c742b924960d26a7,full,c742b924960d26a7,349
hc3_train_human_048,human,medicine,HC3,hc3_d41d97551bd400ac,none,d41d97551bd400ac,196
hc3_train_ai_048,ai,medicine,HC3,hc3_d41d97551bd400ac,full,d41d97551bd400ac,209
hc3_train_human_049,human,finance,HC3,hc3_fbc158857134ea67,none,fbc158857134ea67,207
hc3_train_ai_049,ai,finance,HC3,hc3_fbc158857134ea67,full,fbc158857134ea67,212
hc3_train_human_050,human,finance,HC3,hc3_b58413d5ab72f218,none,b58413d5ab72f218,218
hc3_train_ai_050,ai,finance,HC3,hc3_b58413d5ab72f218,full,b58413d5ab72f218,218
hc3_train_human_051,human,finance,HC3,hc3_6e1d2c4d97b78a32,none,6e1d2c4d97b78a32,221
hc3_train_ai_051,ai,finance,HC3,hc3_6e1d2c4d97b78a32,full,6e1d2c4d97b78a32,235
hc3_train_human_052,human,medicine,HC3,hc3_f1cf063bd23560ac,none,f1cf063bd23560ac,123
hc3_train_ai_052,ai,medicine,HC3,hc3_f1cf063bd23560ac,full,f1cf063bd23560ac,138
hc3_train_human_053,human,finance,HC3,hc3_c1bd13164c35b86c,none,c1bd13164c35b86c,225
hc3_train_ai_053,ai,finance,HC3,hc3_c1bd13164c35b86c,full,c1bd13164c35b86c,203
hc3_train_human_054,human,finance,HC3,hc3_3eb61250d7fbf711,none,3eb61250d7fbf711,194
hc3_train_ai_054,ai,finance,HC3,hc3_3eb61250d7fbf711,full,3eb61250d7fbf711,166
hc3_train_human_055,human,medicine,HC3,hc3_8f26c80b8a4606fb,none,8f26c80b8a4606fb,129
hc3_train_ai_055,ai,medicine,HC3,hc3_8f26c80b8a4606fb,full,8f26c80b8a4606fb,142
hc3_train_human_056,human,finance,HC3,hc3_843b9f7ee7eadca5,none,843b9f7ee7eadca5,185
hc3_train_ai_056,ai,finance,HC3,hc3_843b9f7ee7eadca5,full,843b9f7ee7eadca5,173
hc3_train_human_057,human,medicine,HC3,hc3_8e2e91d9fac8389a,none,8e2e91d9fac8389a,189
hc3_train_ai_057,ai,medicine,HC3,hc3_8e2e91d9fac8389a,full,8e2e91d9fac8389a,174
hc3_train_human_058,human,finance,HC3,hc3_d42a3021c7c1313a,none,d42a3021c7c1313a,265
hc3_train_ai_058,ai,finance,HC3,hc3_d42a3021c7c1313a,full,d42a3021c7c1313a,265
hc3_train_human_059,human,wiki_csai,HC3,hc3_108af947161e66e1,none,108af947161e66e1,147
hc3_train_ai_059,ai,wiki_csai,HC3,hc3_108af947161e66e1,full,108af947161e66e1,137
hc3_train_human_060,human,finance,HC3,hc3_7d2857e60016e9da,none,7d2857e60016e9da,227
hc3_train_ai_060,ai,finance,HC3,hc3_7d2857e60016e9da,full,7d2857e60016e9da,190
hc3_train_human_061,human,finance,HC3,hc3_4b249c71331d8f85,none,4b249c71331d8f85,287
hc3_train_ai_061,ai,finance,HC3,hc3_4b249c71331d8f85,full,4b249c71331d8f85,250
hc3_train_human_062,human,wiki_csai,HC3,hc3_8fa3b36b823ea640,none,8fa3b36b823ea640,235
hc3_train_ai_062,ai,wiki_csai,HC3,hc3_8fa3b36b823ea640,full,8fa3b36b823ea640,206
hc3_train_human_063,human,finance,HC3,hc3_8d03aeb4b8f651f9,none,8d03aeb4b8f651f9,257
hc3_train_ai_063,ai,finance,HC3,hc3_8d03aeb4b8f651f9,full,8d03aeb4b8f651f9,227
hc3_train_human_064,human,wiki_csai,HC3,hc3_b5028f4bb9f5825f,none,b5028f4bb9f5825f,145
hc3_train_ai_064,ai,wiki_csai,HC3,hc3_b5028f4bb9f5825f,full,b5028f4bb9f5825f,126
hc3_train_human_065,human,medicine,HC3,hc3_57e9c8a506e4cc90,none,57e9c8a506e4cc90,197
hc3_train_ai_065,ai,medicine,HC3,hc3_57e9c8a506e4cc90,full,57e9c8a506e4cc90,227
hc3_train_human_066,human,medicine,HC3,hc3_3a8ffff5906f0246,none,3a8ffff5906f0246,134
hc3_train_ai_066,ai,medicine,HC3,hc3_3a8ffff5906f0246,full,3a8ffff5906f0246,160
hc3_train_human_067,human,wiki_csai,HC3,hc3_a46d2ddad663c4b7,none,a46d2ddad663c4b7,138
hc3_train_ai_067,ai,wiki_csai,HC3,hc3_a46d2ddad663c4b7,full,a46d2ddad663c4b7,150
hc3_train_human_068,human,medicine,HC3,hc3_6fecc69e5f3de40a,none,6fecc69e5f3de40a,155
hc3_train_ai_068,ai,medicine,HC3,hc3_6fecc69e5f3de40a,full,6fecc69e5f3de40a,140
hc3_train_human_069,human,wiki_csai,HC3,hc3_7a377992505b02ab,none,7a377992505b02ab,239
hc3_train_ai_069,ai,wiki_csai,HC3,hc3_7a377992505b02ab,full,7a377992505b02ab,236
hc3_train_human_070,human,medicine,HC3,hc3_a872319758d8b612,none,a872319758d8b612,190
hc3_train_ai_070,ai,medicine,HC3,hc3_a872319758d8b612,full,a872319758d8b612,163
hc3_train_human_071,human,wiki_csai,HC3,hc3_4f71607473eea600,none,4f71607473eea600,160
hc3_train_ai_071,ai,wiki_csai,HC3,hc3_4f71607473eea600,full,4f71607473eea600,176
hc3_train_human_072,human,wiki_csai,HC3,hc3_692c2b625c24a6dd,none,692c2b625c24a6dd,209
hc3_train_ai_072,ai,wiki_csai,HC3,hc3_692c2b625c24a6dd,full,692c2b625c24a6dd,191
hc3_train_human_073,human,medicine,HC3,hc3_832c7ad7342f517e,none,832c7ad7342f517e,145
hc3_train_ai_073,ai,medicine,HC3,hc3_832c7ad7342f517e,full,832c7ad7342f517e,174
hc3_train_human_074,human,wiki_csai,HC3,hc3_f758b98853118bbf,none,f758b98853118bbf,152
hc3_train_ai_074,ai,wiki_csai,HC3,hc3_f758b98853118bbf,full,f758b98853118bbf,170
hc3_train_human_075,human,medicine,HC3,hc3_4fd6e5fdd8c9543f,none,4fd6e5fdd8c9543f,184
hc3_train_ai_075,ai,medicine,HC3,hc3_4fd6e5fdd8c9543f,full,4fd6e5fdd8c9543f,196
hc3_train_human_076,human,wiki_csai,HC3,hc3_d8d1f98f7b7b643e,none,d8d1f98f7b7b643e,275
hc3_train_ai_076,ai,wiki_csai,HC3,hc3_d8d1f98f7b7b643e,full,d8d1f98f7b7b643e,261
hc3_train_human_077,human,medicine,HC3,hc3_cb6a2efe7ea9f2af,none,cb6a2efe7ea9f2af,192
hc3_train_ai_077,ai,medicine,HC3,hc3_cb6a2efe7ea9f2af,full,cb6a2efe7ea9f2af,187
hc3_train_human_078,human,medicine,HC3,hc3_619091d8489c7f81,none,619091d8489c7f81,134
hc3_train_ai_078,ai,medicine,HC3,hc3_619091d8489c7f81,full,619091d8489c7f81,135
hc3_train_human_079,human,wiki_csai,HC3,hc3_5badaf7c6ff186b4,none,5badaf7c6ff186b4,204
hc3_train_ai_079,ai,wiki_csai,HC3,hc3_5badaf7c6ff186b4,full,5badaf7c6ff186b4,171
hc3_train_human_080,human,wiki_csai,HC3,hc3_86784ea72a4e0df3,none,86784ea72a4e0df3,185
hc3_train_ai_080,ai,wiki_csai,HC3,hc3_86784ea72a4e0df3,full,86784ea72a4e0df3,181
hc3_train_human_081,human,wiki_csai,HC3,hc3_f83be79c87df30fa,none,f83be79c87df30fa,152
hc3_train_ai_081,ai,wiki_csai,HC3,hc3_f83be79c87df30fa,full,f83be79c87df30fa,182
hc3_train_human_082,human,wiki_csai,HC3,hc3_eba17e6960610fa2,none,eba17e6960610fa2,179
hc3_train_ai_082,ai,wiki_csai,HC3,hc3_eba17e6960610fa2,full,eba17e6960610fa2,189
hc3_train_human_083,human,wiki_csai,HC3,hc3_c1e252d97993258a,none,c1e252d97993258a,141
hc3_train_ai_083,ai,wiki_csai,HC3,hc3_c1e252d97993258a,full,c1e252d97993258a,168
hc3_train_human_084,human,wiki_csai,HC3,hc3_d5d65baa7a4ff682,none,d5d65baa7a4ff682,176
hc3_train_ai_084,ai,wiki_csai,HC3,hc3_d5d65baa7a4ff682,full,d5d65baa7a4ff682,203
hc3_train_human_085,human,medicine,HC3,hc3_fafdba10d1f4675f,none,fafdba10d1f4675f,141
hc3_train_ai_085,ai,medicine,HC3,hc3_fafdba10d1f4675f,full,fafdba10d1f4675f,137
hc3_train_human_086,human,wiki_csai,HC3,hc3_fb6186203b7d1ef9,none,fb6186203b7d1ef9,117
hc3_train_ai_086,ai,wiki_csai,HC3,hc3_fb6186203b7d1ef9,full,fb6186203b7d1ef9,111
hc3_train_human_087,human,wiki_csai,HC3,hc3_df2a2699ecb3bde5,none,df2a2699ecb3bde5,155
hc3_train_ai_087,ai,wiki_csai,HC3,hc3_df2a2699ecb3bde5,full,df2a2699ecb3bde5,159
hc3_train_human_088,human,wiki_csai,HC3,hc3_024fa8dfedd03ec3,none,024fa8dfedd03ec3,210
hc3_train_ai_088,ai,wiki_csai,HC3,hc3_024fa8dfedd03ec3,full,024fa8dfedd03ec3,186
hc3_train_human_089,human,wiki_csai,HC3,hc3_8bfb967a92c935c8,none,8bfb967a92c935c8,173
hc3_train_ai_089,ai,wiki_csai,HC3,hc3_8bfb967a92c935c8,full,8bfb967a92c935c8,187
hc3_train_human_090,human,wiki_csai,HC3,hc3_9b07342013906ae4,none,9b07342013906ae4,182
hc3_train_ai_090,ai,wiki_csai,HC3,hc3_9b07342013906ae4,full,9b07342013906ae4,200
hc3_train_human_091,human,wiki_csai,HC3,hc3_36f739b3a53e0ae3,none,36f739b3a53e0ae3,225
hc3_train_ai_091,ai,wiki_csai,HC3,hc3_36f739b3a53e0ae3,full,36f739b3a53e0ae3,194
hc3_train_human_092,human,wiki_csai,HC3,hc3_e2a23ef3b24dc549,none,e2a23ef3b24dc549,172
hc3_train_ai_092,ai,wiki_csai,HC3,hc3_e2a23ef3b24dc549,full,e2a23ef3b24dc549,186
hc3_train_human_093,human,medicine,HC3,hc3_68f974a9a937d9fc,none,68f974a9a937d9fc,169
hc3_train_ai_093,ai,medicine,HC3,hc3_68f974a9a937d9fc,full,68f974a9a937d9fc,172
hc3_train_human_094,human,medicine,HC3,hc3_8457d8aa989d0dd2,none,8457d8aa989d0dd2,171
hc3_train_ai_094,ai,medicine,HC3,hc3_8457d8aa989d0dd2,full,8457d8aa989d0dd2,194
hc3_train_human_095,human,wiki_csai,HC3,hc3_9171f33f37a0a0ea,none,9171f33f37a0a0ea,216
hc3_train_ai_095,ai,wiki_csai,HC3,hc3_9171f33f37a0a0ea,full,9171f33f37a0a0ea,195
hc3_train_human_096,human,medicine,HC3,hc3_0c5d945233c61161,none,0c5d945233c61161,216
hc3_train_ai_096,ai,medicine,HC3,hc3_0c5d945233c61161,full,0c5d945233c61161,193
hc3_train_human_097,human,medicine,HC3,hc3_2a3f28294e868657,none,2a3f28294e868657,164
hc3_train_ai_097,ai,medicine,HC3,hc3_2a3f28294e868657,full,2a3f28294e868657,137
hc3_train_human_098,human,medicine,HC3,hc3_49ba1ded29fe7bbe,none,49ba1ded29fe7bbe,119
hc3_train_ai_098,ai,medicine,HC3,hc3_49ba1ded29fe7bbe,full,49ba1ded29fe7bbe,123
hc3_train_human_099,human,medicine,HC3,hc3_cd0c3897932c9e60,none,cd0c3897932c9e60,250
hc3_train_ai_099,ai,medicine,HC3,hc3_cd0c3897932c9e60,full,cd0c3897932c9e60,283
hc3_train_human_100,human,medicine,HC3,hc3_9dbc3bd1f20f25eb,none,9dbc3bd1f20f25eb,149
hc3_train_ai_100,ai,medicine,HC3,hc3_9dbc3bd1f20f25eb,full,9dbc3bd1f20f25eb,156
